text,label,notes,source_url
"i think this stat is only counting players that make the team in the same season that they play with jokic. still dumb because murray has played to an all-star level throughout his playoff career, even if he isn't officially an all-star.",analysis,"source=r/nba PullPush archive; query=because; created_utc=1747659867.0; score=1; label_scores={'analysis': 4, 'hot_take': 0, 'reaction': 0, 'question': 0}",https://www.reddit.com/r/nba/comments/1kpz9eu/of_the_5000_players_who_have_had_700_career_games/mt45zy9/
"It's only working this well because the average draft pick is so much more skilled now, and there is so much better coaching - not on court off court stuff - than used to be the case. And almost every coaching staff is much more professional now, there's nowhere to hide like there used to be because all these teams are worth so much and have so much scrutiny.",analysis,"source=r/nba PullPush archive; query=because; created_utc=1747659844; score=6; label_scores={'analysis': 4, 'hot_take': 0, 'reaction': 0, 'question': 0}",https://www.reddit.com/r/nba/comments/1kq0c8z/nikola_jokic_in_the_second_half_of_game_7_3/mt45xtp/
"I go back to what someone said about Harden. That he's so smart, he disappears in the big games when he knows he doesn't have it. Lebron, Harden and Jokic have all done it notably now. Like, if Caruso can mug you, you're not getting much done except hopefully get rid of the ball - to teammates who really can't play that well. It's not a good look, but it's not new. NBA has always looked bad this way, because the foul calls matter so much.",analysis,"source=r/nba PullPush archive; query=because; created_utc=1747659676; score=-5; label_scores={'analysis': 4, 'hot_take': 0, 'reaction': 0, 'question': 0}",https://www.reddit.com/r/nba/comments/1kq0c8z/nikola_jokic_in_the_second_half_of_game_7_3/mt45hk6/
"I apologise to warriors fans because I thought only stephews do this, it’s more excusable because Steph isn’t jokic sized so it’s more frustrating: these lot are actually crying the guy who fouls everyone constantly is getting battled for positions in he post",analysis,"source=r/nba PullPush archive; query=because; created_utc=1747659660; score=-1; label_scores={'analysis': 4, 'hot_take': 0, 'reaction': 0, 'question': 0}",https://www.reddit.com/r/nba/comments/1kptnt1/highlight_alex_caruso_fouls_nikola_jokic_and/mt45g0f/
"> No one can prevent a freak accident like a bad landing, a desperate hustle play, players running into each other ect. Agreed, but you can prevent soft tissue injuries with adequate rest. Have you ever heard of a player tearing their hamstring in the offseason? No, because torn hamstrings are a result of fatigue weakening the muscles, making them prone to tearing during explosive actions.",analysis,"source=r/nba PullPush archive; query=because; created_utc=1747659644.0; score=1; label_scores={'analysis': 4, 'hot_take': 0, 'reaction': 0, 'question': 3}",https://www.reddit.com/r/nba/comments/1kq6x0m/is_aaron_gordon_right_should_there_be_more_rest/mt45ek7/
Thibs sticks to what he knows (sometimes at the detriment of the team). To this point it has gotten us to the ECF but its clear we can tap into more rotation wise. Thibs loves Josh Hart and Hart is a great player but he kind of kills the half-court offense because teams put their Center on him and sag off. Against Boston he shot **42%** from 3 we are going to need him to keep that up if we are going to have a shot.,analysis,"source=r/nba PullPush archive; query=because; created_utc=1747659628; score=6; label_scores={'analysis': 4, 'hot_take': 0, 'reaction': 0, 'question': 0}",https://www.reddit.com/r/nba/comments/1kq96da/conference_finals_teams_starting_lineups_ranked/mt45cv3/
"'everything' like what? SGA beat him in all advanced stats for the series, shot better, turned it over less, as many assists, worlds better defense. All jokic did better was rebounding because he's a lot taller",analysis,"source=r/nba PullPush archive; query=because; created_utc=1747659584.0; score=1; label_scores={'analysis': 4, 'hot_take': 0, 'reaction': 0, 'question': 3}",https://www.reddit.com/r/nba/comments/1kpvq2g/the_denver_nuggets_have_been_eliminated_from/mt458l4/
"The cap is just a starting point. If every team had salaries just at the cap, owners would actually owe players checks because the cap is 44.74% of BRI, and the mandated minimum collective salary is 49% of BRI. Teams are also mandated to spend to at least 90% of the cap every offseason, and that led directly to Detroit's surge from 14-68 to 44-38; they signed/received in trade multiple quality vets to meet the cap requirements instead of just tanking another year, and that led to winning games.",analysis,"source=r/nba PullPush archive; query=because; created_utc=1747659462; score=1; label_scores={'analysis': 4, 'hot_take': 0, 'reaction': 0, 'question': 0}",https://www.reddit.com/r/nba/comments/1kq2faw/remaining_teams_by_salary/mt44wjq/
"dude I am a certified fucking idiot but I swear to God I could come up with better rotations than Thibs. maybe that's just because I'm an idiot, but... man...",analysis,"source=r/nba PullPush archive; query=because; created_utc=1747659394.0; score=1; label_scores={'analysis': 4, 'hot_take': 0, 'reaction': 0, 'question': 0}",https://www.reddit.com/r/nba/comments/1kq96da/conference_finals_teams_starting_lineups_ranked/mt44px4/
We know this because they used to put multiple days between games to try to get as many onto weekend slots as possible and it completely sucked. A 7 game series would run for 17-18 days. The pace of the playoffs today is great. Teams that play their bench and don’t rev their starters to 40+ minutes in round 1 *should* be rewarded.,analysis,"source=r/nba PullPush archive; query=because; created_utc=1747659354.0; score=1; label_scores={'analysis': 4, 'hot_take': 0, 'reaction': 0, 'question': 0}",https://www.reddit.com/r/nba/comments/1kq6x0m/is_aaron_gordon_right_should_there_be_more_rest/mt44m20/
Yes because otherwise a series would be one-sided. Even a 6 game series feel flat and disappointing because you come in with an expectation that the losing team will try their best to force game 7 only to fall short,analysis,"source=r/nba PullPush archive; query=because; created_utc=1747659308.0; score=1; label_scores={'analysis': 4, 'hot_take': 0, 'reaction': 0, 'question': 0}",https://www.reddit.com/r/nba/comments/1kqat2p/game_7_disappointments_over_the_last_12_game_7s/mt44hnt/
"You sound stupid. I am coping because I think two guys who are 28 and 29 are not washed, lol.",analysis,"source=r/nba PullPush archive; query=because; created_utc=1747659231.0; score=1; label_scores={'analysis': 3, 'hot_take': 2, 'reaction': 2, 'question': 0}",https://www.reddit.com/r/nba/comments/1kpxij8/nikola_jokic_on_whether_the_nuggets_can_win/mt44ac0/
"Yup. That's because Stern understood that dynasties are great for sports: They attract casuals and bandwagoners, people love to root against them as much as they love to root for them, they create compelling narratives and rivalries, etc.",analysis,"source=r/nba PullPush archive; query=because; created_utc=1747659109.0; score=1; label_scores={'analysis': 4, 'hot_take': 0, 'reaction': 0, 'question': 0}",https://www.reddit.com/r/nba/comments/1kpvjo8/stein_essentially_official_now_the_nba_will_have/mt43yhd/
"Maybe that’s because Caruso’s 3s are wide the fuck open because he’s being set up by SGA, whereas SGA is doing that set up plus taking shots against heavy defense. Have them take the same kinds of shots against the same kind of defense and the star player will outshoot the role player by a wide margin.",analysis,"source=r/nba PullPush archive; query=because; created_utc=1747658969; score=2; label_scores={'analysis': 4, 'hot_take': 0, 'reaction': 0, 'question': 0}",https://www.reddit.com/r/nba/comments/1kpw1kw/sga_averaged_3067_on_63_ts_and_2_turnovers_this/mt43kw5/
I'm only counting this series.. yeah data is out there. Most of OKC's starters are actually negative on on/off in this series wheras every single Denver starters are double digit positive except MPJ. The numbers can't be any clearer. Thunder won because of their depth.,analysis,"source=r/nba PullPush archive; query=because; created_utc=1747658792; score=0; label_scores={'analysis': 4, 'hot_take': 0, 'reaction': 0, 'question': 0}",https://www.reddit.com/r/nba/comments/1kpvxiq/shai_gilgeousalexander_since_this_moment_3156_on/mt433yj/
"I'd add that Caruso is good at using the other player's momentum. A few possessions Jokic tried to back him down but Caruso moved out of the way and pulled an ""¡Olé!"" and Jokic fell over because he was suddenly pushing back on air where he expected resistance.",analysis,"source=r/nba PullPush archive; query=because; created_utc=1747658628.0; score=1; label_scores={'analysis': 4, 'hot_take': 0, 'reaction': 0, 'question': 0}",https://www.reddit.com/r/nba/comments/1kq272r/highlight_nikola_jokic_splashes_the_3pointer_near/mt42ofp/
Both teams have to play on the same rest. You didn't get blown out because you didn't get enough rest. You got blown out because OKC was that much better on that night.,analysis,"source=r/nba PullPush archive; query=because; created_utc=1747658577.0; score=1; label_scores={'analysis': 4, 'hot_take': 0, 'reaction': 0, 'question': 0}",https://www.reddit.com/r/nba/comments/1kpxgmb/aaron_gordon_on_the_playoff_scheduling_i_would/mt42jkl/
"Look at the teams and systems around them, that’s not just about the players themselves. The Pacers explosive offense isn’t just because of Hali, it’s designed that way by Carlisle and has performed well even when Nembhard has started at PG in the past. Also there is no “maybe” about Cade being a better defender. And a better scorer.",analysis,"source=r/nba PullPush archive; query=because; created_utc=1747658418; score=1; label_scores={'analysis': 4, 'hot_take': 0, 'reaction': 0, 'question': 0}",https://www.reddit.com/r/nba/comments/1kpofmv/if_you_had_to_predict_the_2028_mens_usa/mt424n7/
"""Wingspan"" is a flawed stat because of this. Jokic wingspan vs. Dort/Caruso is a huge advantage, but Jokic wingspan+vertical vs. Dort/Caruso wingspan+vertical, and all of a sudden we start to understand why OKC's guards successfully prevented Jokic receiving the ball in the post.",analysis,"source=r/nba PullPush archive; query=because; created_utc=1747658194; score=27; label_scores={'analysis': 4, 'hot_take': 0, 'reaction': 0, 'question': 0}",https://www.reddit.com/r/nba/comments/1kpzx59/murray_thunder_had_74_steals_in_this_series_thats/mt41jrf/
"Braun also cant playmake and is a mediocre spacer. Hes a good player because he brings good defense and hustle and transition, but thise are big weaknesses for a guard",analysis,"source=r/nba PullPush archive; query=because; created_utc=1747658163; score=48; label_scores={'analysis': 4, 'hot_take': 0, 'reaction': 0, 'question': 0}",https://www.reddit.com/r/nba/comments/1kq4uyp/bobby_marks_christian_braun_extension_number_will/mt41gvn/
"Yes, because the quality of basketball improves in the playoffs as does the intensity. That's only sustainable with more rest, otherwise you end up with injuries, blowouts and mid offs.",analysis,"source=r/nba PullPush archive; query=because; created_utc=1747658118.0; score=1; label_scores={'analysis': 4, 'hot_take': 0, 'reaction': 0, 'question': 0}",https://www.reddit.com/r/nba/comments/1kq6x0m/is_aaron_gordon_right_should_there_be_more_rest/mt41cug/
Because if they follow him they’re not under the basket. Pacers don’t want a top 3 rim protector playing defense at the 3 Point line if they don’t have to,analysis,"source=r/nba PullPush archive; query=because; created_utc=1747657955; score=4; label_scores={'analysis': 4, 'hot_take': 0, 'reaction': 0, 'question': 0}",https://www.reddit.com/r/nba/comments/1kq96da/conference_finals_teams_starting_lineups_ranked/mt40y04/
"$30M when his extension starts would be 17% of the cap. I broke down the math in another comment, but it would guarantee that either the Nuggets are deep into the second apron even if all 10 bench guys are minimums, or they waive/stretch MPJ because his last year is only partially guaranteed.",analysis,"source=r/nba PullPush archive; query=because; created_utc=1747657931; score=3; label_scores={'analysis': 4, 'hot_take': 0, 'reaction': 0, 'question': 0}",https://www.reddit.com/r/nba/comments/1kq4uyp/bobby_marks_christian_braun_extension_number_will/mt40vsz/
"I'm fine with every of these teams. Maybe a bit less for OKC because I feel like they have not even reach their ceiling and will have many more opportunities to win in the future. While the Wolves and Knicks won't have that many chances with these rosters due to the new CBA (and I like Ant and KAT) and the Pacers are coming out of nowhere and that ""revenge mode tyrese thanos haliburton"" is exciting.",analysis,"source=r/nba PullPush archive; query=because; created_utc=1747657905; score=1; label_scores={'analysis': 4, 'hot_take': 0, 'reaction': 0, 'question': 0}",https://www.reddit.com/r/nba/comments/1kpw215/people_with_no_ties_with_pacersknicksokcwolves/mt40tgv/
For some information 40 year lebron and 37 year old Stephen curry outplayed nikola jokic these playoffs curry’s stats are hurt because of the injury game but through to 7 he outperformed jokic he’s not better then prime curry and prime lebron and that’s okay he’s in the KG tier better but in that tier,analysis,"source=r/nba PullPush archive; query=because; created_utc=1747657889.0; score=1; label_scores={'analysis': 4, 'hot_take': 0, 'reaction': 0, 'question': 0}",https://www.reddit.com/r/nba/comments/1kpw43q/nikola_jokic_in_the_game_7_loss_to_the_thunder_20/mt40s3b/
Just because the clippers suck doesn’t make it a shit product Nobody wants to see the same person/ team hoisting up trophies year after year after year,analysis,"source=r/nba PullPush archive; query=because; created_utc=1747657832; score=-2; label_scores={'analysis': 3, 'hot_take': 0, 'reaction': 0, 'question': 0}",https://www.reddit.com/r/nba/comments/1kpvjo8/stein_essentially_official_now_the_nba_will_have/mt40mz2/
"Only reason Kobe didn't jump ship was because of the Gasol trade, and the Spurs made some all time draft/player development hits",analysis,"source=r/nba PullPush archive; query=because; created_utc=1747657805; score=6; label_scores={'analysis': 3, 'hot_take': 0, 'reaction': 0, 'question': 0}",https://www.reddit.com/r/nba/comments/1kq13gw/steinthe_bucks_league_sources_say_remain_hopeful/mt40khy/
"He was cooking IHart and Chet because they actually get called for fouls, Caruso gets a free pass to foul for some reason.",analysis,"source=r/nba PullPush archive; query=because; created_utc=1747657177; score=0; label_scores={'analysis': 3, 'hot_take': 0, 'reaction': 0, 'question': 0}",https://www.reddit.com/r/nba/comments/1kpw43q/nikola_jokic_in_the_game_7_loss_to_the_thunder_20/mt3yzyq/
"Absolutely. I also write way more articles for Wikipedia in those times, though. That's pretty great, because then you can argue and bitch with people on Wikipedia, who are all pretty good at that as well.",analysis,"source=r/nba PullPush archive; query=because; created_utc=1747657153; score=1; label_scores={'analysis': 4, 'hot_take': 0, 'reaction': 0, 'question': 0}",https://www.reddit.com/r/nba/comments/1kpxgmb/aaron_gordon_on_the_playoff_scheduling_i_would/mt3yxug/
"For reference, the entire OKC starting lineup plus 6th man Caruso had a total of 4 games with 5+ steals this season RS+playoffs so far (2 for SGA, 1 for J-Dub, 1 for Caruso). Dyson Daniels alone had 14 such games without any playoff games. This is not to downplay OKC obviously because they are great at getting steals as a unit. Just to highlight how insane DD was this season.",analysis,"source=r/nba PullPush archive; query=because; created_utc=1747656354; score=116; label_scores={'analysis': 4, 'hot_take': 0, 'reaction': 2, 'question': 0}",https://www.reddit.com/r/nba/comments/1kpzx59/murray_thunder_had_74_steals_in_this_series_thats/mt3x0xy/
Shai himself said he was smiling because a Nuggets fan was saying something to him and he didn't want to show he was bothered by it. It ain't that deep.,analysis,"source=r/nba PullPush archive; query=because; created_utc=1747656332.0; score=1; label_scores={'analysis': 4, 'hot_take': 0, 'reaction': 0, 'question': 0}",https://www.reddit.com/r/nba/comments/1kpvqb8/highlight_shai_gilgeousalexander_smiling_walking/mt3wz0h/
"Because they need to agree to make sweeping changes to the NBA lol. People complaining on reddit don’t have a say, as much as I agree with all of this.",analysis,"source=r/nba PullPush archive; query=because; created_utc=1747656316.0; score=1; label_scores={'analysis': 4, 'hot_take': 0, 'reaction': 2, 'question': 0}",https://www.reddit.com/r/nba/comments/1kpxgmb/aaron_gordon_on_the_playoff_scheduling_i_would/mt3wxpq/
"Okay, well, again, I know OKC isn't the elite of the elite for education, but I'm not the entire sub. I have never actually said how I felt about SGA. This all got started because OKC fans were crying about SGA continually getting shit on because he's become the new face of Foul Baiting. That's the mass opinion of him, and it happens in every single game thread or post that involves him.",analysis,"source=r/nba PullPush archive; query=because; created_utc=1747656280; score=-2; label_scores={'analysis': 4, 'hot_take': 0, 'reaction': 0, 'question': 0}",https://www.reddit.com/r/nba/comments/1kpvhom/highlight_shai_gilgeousalexander_gets_the/mt3wuon/
It’s not like he was playing against some of the greatest competition and going toe to toe with their superstars….oh wait he did. You make it sound like it’s just a regular occurrence in the NBA because it’s like everyone made 8 straight finals in the NBA during this time…oh wait,analysis,"source=r/nba PullPush archive; query=because; created_utc=1747656186; score=2; label_scores={'analysis': 4, 'hot_take': 0, 'reaction': 0, 'question': 0}",https://www.reddit.com/r/nba/comments/1kpvq2g/the_denver_nuggets_have_been_eliminated_from/mt3wms2/
"Exactly, Nuggets 8th man, Julian Strawther, played only 88 minutes over 14 games (and only appeared in 9 of them at all). While Murray played 578. Nuggets had a roster construction issue and that is their problem. And a pretty darn huge one because having to drop your rotation to only 7 guys even in the first round is a massive problem (and that 1st round going 7 games).",analysis,"source=r/nba PullPush archive; query=because; created_utc=1747655745.0; score=1; label_scores={'analysis': 4, 'hot_take': 0, 'reaction': 0, 'question': 0}",https://www.reddit.com/r/nba/comments/1kpxgmb/aaron_gordon_on_the_playoff_scheduling_i_would/mt3vm24/
"Because that would’ve put them in second apron, it’s not like he showed his worth last year or this year either",analysis,"source=r/nba PullPush archive; query=because; created_utc=1747655735; score=3; label_scores={'analysis': 3, 'hot_take': 0, 'reaction': 0, 'question': 0}",https://www.reddit.com/r/nba/comments/1kq4uyp/bobby_marks_christian_braun_extension_number_will/mt3vl8t/
"Talk shit about Luka all you want, but having a thunder flair and complaining about flopping is hilarious, because they are making SGA flopping compilations because he does it so much",analysis,"source=r/nba PullPush archive; query=because; created_utc=1747655559; score=4; label_scores={'analysis': 4, 'hot_take': 0, 'reaction': 0, 'question': 0}",https://www.reddit.com/r/nba/comments/1kpvxiq/shai_gilgeousalexander_since_this_moment_3156_on/mt3v6ko/
"Someone with some sense lol. If the 2016 thunder can go up 3-1 on the 2016 warriors, then this version of the thunder are smoking the 2015 warriors(who were objectively worse than their 2016 counterpart). They don't even have the element of surprise anymore because every team in 2025 plays like they did in 2015 with the small ball three point spam.",analysis,"source=r/nba PullPush archive; query=because; created_utc=1747655210; score=0; label_scores={'analysis': 4, 'hot_take': 0, 'reaction': 2, 'question': 0}",https://www.reddit.com/r/nba/comments/1kq2vtd/2015_warriors_vs_2025_thunder/mt3udlc/
"Best thing about this comment is that if you go to the Nuggets sub, the very first post is one saying they only lost this series (and specifically the game last night) because it was rigged by the NBA and the refs made them lose by 40.",analysis,"source=r/nba PullPush archive; query=because; created_utc=1747655152; score=12; label_scores={'analysis': 4, 'hot_take': 0, 'reaction': 0, 'question': 0}",https://www.reddit.com/r/nba/comments/1kpzx59/murray_thunder_had_74_steals_in_this_series_thats/mt3u8uh/
"For sure. OKC’s starters only had a net rating of 3, but they were like a +72 in the series as a team. I’d assume the starter’s rating was so even because they would revert to it during crunch time (which is typically pretty even in the playoffs) after mixing up lineups throughout the game.",analysis,"source=r/nba PullPush archive; query=because; created_utc=1747655012; score=7; label_scores={'analysis': 4, 'hot_take': 0, 'reaction': 0, 'question': 0}",https://www.reddit.com/r/nba/comments/1kq96da/conference_finals_teams_starting_lineups_ranked/mt3txba/
"It's not that silly of a question because the 2015 warriors aren't that good of a team. I think they lose to every champion of the last 10 years. If 2016 OKC can get up 3-1 on an even better version of those warriors, then this version of OKC could easily beat the 2015 variant.",analysis,"source=r/nba PullPush archive; query=because; created_utc=1747654894; score=-2; label_scores={'analysis': 4, 'hot_take': 0, 'reaction': 0, 'question': 0}",https://www.reddit.com/r/nba/comments/1kq2vtd/2015_warriors_vs_2025_thunder/mt3tnsl/
"Yeah, like come on. Regular people work a lot more than this. I’m sure he’s upset because of his hammy. More rest means he plays better",analysis,"source=r/nba PullPush archive; query=because; created_utc=1747654756; score=1; label_scores={'analysis': 3, 'hot_take': 0, 'reaction': 0, 'question': 0}",https://www.reddit.com/r/nba/comments/1kpxgmb/aaron_gordon_on_the_playoff_scheduling_i_would/mt3tcuk/
"Actually it kind of is lol. You were down 2-1 and there was some genuine doubts about whether you could finish LBJ. Personally, that cavs team gets smoked by this Denver team we just beat in 5 games at most. The 2016 warriors are a different story though. I think we beat either of them because we're better than 2016 OKC.",analysis,"source=r/nba PullPush archive; query=because; created_utc=1747654749; score=-1; label_scores={'analysis': 4, 'hot_take': 0, 'reaction': 2, 'question': 0}",https://www.reddit.com/r/nba/comments/1kq2vtd/2015_warriors_vs_2025_thunder/mt3tc9c/
No you don’t get it . Denver fans think they can get kd for mpj : a guy they shit on relentlessly n say is an awful deal . It’s insane how if lakers fans pre Luka trade acted delusional evetyone would call them out but non lakers fans say even worse trade value deals and nobody says anything because they want Denver to get kd for peanuts . Mpj and they said it was no deal if they had to add Braun or FRP lmfao,analysis,"source=r/nba PullPush archive; query=because; created_utc=1747654590; score=-2; label_scores={'analysis': 4, 'hot_take': 2, 'reaction': 2, 'question': 0}",https://www.reddit.com/r/nba/comments/1kpvq2g/the_denver_nuggets_have_been_eliminated_from/mt3szmq/
"Denver was not allowed to offer Bruce Brown anything close to what he got in free agency. Their max offer (per the CBA, not team decision) was 105% of league average or 4/$43M, when he got 2/$46M from the Pacers. Not re-signing KCP seems like it was a financial sound decision, because keeping him would have cost over $100M/year in luxury tax alone, as well as second apron penalties and they wouldn't have been able to keep Braun.",analysis,"source=r/nba PullPush archive; query=because; created_utc=1747654580; score=6; label_scores={'analysis': 4, 'hot_take': 0, 'reaction': 0, 'question': 0}",https://www.reddit.com/r/nba/comments/1kq4uyp/bobby_marks_christian_braun_extension_number_will/mt3syul/
Except when you can't get a top seed because of injuries during the season and then you're disadvantaged come play-offs.,analysis,"source=r/nba PullPush archive; query=because; created_utc=1747654573; score=1; label_scores={'analysis': 3, 'hot_take': 0, 'reaction': 0, 'question': 0}",https://www.reddit.com/r/nba/comments/1kq6x0m/is_aaron_gordon_right_should_there_be_more_rest/mt3sy9d/
"It wasn't really shocking because it was always in the context of the Spurs system. His roles were pretty limited and even during the first Finals MVP run it was a sort of Andre Iguodala MVP. He was never expected to be ""the guy"" during this first run. He was on a team with three hall of famers. So coupled with the Spurs system, it was a slow burn. I don't think it was at all shocking he didn't win most-improved. The shooting thing happened in the background.",analysis,"source=r/nba PullPush archive; query=because; created_utc=1747654158; score=45; label_scores={'analysis': 4, 'hot_take': 0, 'reaction': 0, 'question': 0}",https://www.reddit.com/r/nba/comments/1kq73rb/gils_arena_danny_green_explains_how_kawhi_leonard/mt3s1oo/
"I disagree. I prefer the current schedule. I prefer the week be full of basketball, less days in between, and for the playoffs to go ahead and conclude sooner. If players need more individual rest, they should play less. But the games should continue. Fans shouldn't have to suffer because players need more rest.",analysis,"source=r/nba PullPush archive; query=because; created_utc=1747653536; score=1; label_scores={'analysis': 4, 'hot_take': 0, 'reaction': 0, 'question': 0}",https://www.reddit.com/r/nba/comments/1kpxgmb/aaron_gordon_on_the_playoff_scheduling_i_would/mt3qpnr/
"oh shut the fuck up cavs players literally admitted holding and beating curry non stop because ""they can't call all of them""",analysis,"source=r/nba PullPush archive; query=because; created_utc=1747653050; score=-2; label_scores={'analysis': 3, 'hot_take': 0, 'reaction': 0, 'question': 0}",https://www.reddit.com/r/nba/comments/1kq2vtd/2015_warriors_vs_2025_thunder/mt3pox9/
"How old are you? It wasnt necessarily pass volume, but timing. Because he would kick it out at as time expired to dudes like Donyell marshall, people said he didnt have the clutch factor, that he didnt want it bad enough. Turns out making the correct basketball play is also statistically the best way to win and we haveny heard that critique in over a decade.",analysis,"source=r/nba PullPush archive; query=because; created_utc=1747652802; score=1; label_scores={'analysis': 4, 'hot_take': 0, 'reaction': 2, 'question': 3}",https://www.reddit.com/r/nba/comments/1kq65lt/is_it_generally_agreed_that_jokic_passes_too_much/mt3p6td/
Not a fraud but overrated AF.,hot_take,"source=r/nba PullPush archive; query=overrated; created_utc=1747647806; score=-1; label_scores={'analysis': 0, 'hot_take': 3, 'reaction': 0, 'question': 0}",https://www.reddit.com/r/nba/comments/1kpw0a9/shai_fraud_mvp_gilgeousalexander_exits_a_game_7/mt3g4b6/
It’s painfull how little you understand ball. You’re probably one of those wierdos that was saying LeBron was overrated and not clutch when he was in his prime,hot_take,"source=r/nba PullPush archive; query=overrated; created_utc=1747644811.0; score=1; label_scores={'analysis': 0, 'hot_take': 3, 'reaction': 2, 'question': 0}",https://www.reddit.com/r/nba/comments/1kpw43q/nikola_jokic_in_the_game_7_loss_to_the_thunder_20/mt3bebm/
Hali showing he’s the man in the Garden to finally beat the overrated narratives,hot_take,"source=r/nba PullPush archive; query=overrated; created_utc=1747644418; score=2; label_scores={'analysis': 0, 'hot_take': 3, 'reaction': 0, 'question': 0}",https://www.reddit.com/r/nba/comments/1kq09v1/whose_individual_performance_are_you_most_looking/mt3arw7/
2015 warriors are overrated. They barely beat the Cavs with delly being the second best player.,hot_take,"source=r/nba PullPush archive; query=overrated; created_utc=1747641546; score=-6; label_scores={'analysis': 0, 'hot_take': 3, 'reaction': 0, 'question': 0}",https://www.reddit.com/r/nba/comments/1kq2vtd/2015_warriors_vs_2025_thunder/mt36c9g/
He’s overrated when he’s playing like a spazz and underrated when he looks like dpoy,hot_take,"source=r/nba PullPush archive; query=overrated; created_utc=1747634673.0; score=1; label_scores={'analysis': 0, 'hot_take': 3, 'reaction': 0, 'question': 0}",https://www.reddit.com/r/nba/comments/1kq0cjy/jokic_is_the_inverse_of_rudy_gobert/mt2v1td/
Thunder. That 2015 Warriors team is extremely overrated. They played like trash against a HORRENDOUS Cavs team.,hot_take,"source=r/nba PullPush archive; query=overrated; created_utc=1747634402; score=-8; label_scores={'analysis': 0, 'hot_take': 3, 'reaction': 0, 'question': 0}",https://www.reddit.com/r/nba/comments/1kq2vtd/2015_warriors_vs_2025_thunder/mt2ul2i/
"Dude its going to happen to everyone, these guys are bots. Indiana loses, Haliburton is ass, so overrated, fraud star. Obviously the Knicks will get shit. TWolves lose, Ant is a fraud star, Randle is a choker, Rudy is unplayable. OKC will get the same shit they got in g1 and g3 as if they already lost",hot_take,"source=r/nba PullPush archive; query=overrated; created_utc=1747633841; score=5; label_scores={'analysis': 0, 'hot_take': 3, 'reaction': 0, 'question': 0}",https://www.reddit.com/r/nba/comments/1kpwxw7/with_todays_loss_to_the_thunder_nikola_jokic_is/mt2tlnx/
"He's not just ANY big, but allegedly ""Best player in the world"" ""Top 5 center of all time"" ""Best offensive center/player of all time"" Just shows how overrated Jokic really is. He had trouble with Zubac too. Imagine if Jokic actually had to play against legendary bigs like KAJ, Wilt, Hakeem, Russell, Shaq, Duncan, KG, etc. But nah his stats are inflated from playing in an era of little big man competition.",hot_take,"source=r/nba PullPush archive; query=overrated; created_utc=1747633294; score=1; label_scores={'analysis': 0, 'hot_take': 3, 'reaction': 0, 'question': 0}",https://www.reddit.com/r/nba/comments/1kpvpwk/post_game_thread_the_oklahoma_city_thunder_roll/mt2smks/
"And Jimmy ain't 7 ft like Jokic. Damn I always knew Jokic was overrated but getting clamped by 6'5"" Caruso in an elimination game is something else.",hot_take,"source=r/nba PullPush archive; query=overrated; created_utc=1747632155; score=1; label_scores={'analysis': 0, 'hot_take': 3, 'reaction': 0, 'question': 0}",https://www.reddit.com/r/nba/comments/1kpvpwk/post_game_thread_the_oklahoma_city_thunder_roll/mt2qk12/
Idk I like Garland but imo he's overrated and I don't think his ceiling is that high Kinda like Fox,hot_take,"source=r/nba PullPush archive; query=overrated; created_utc=1747630594; score=2; label_scores={'analysis': 0, 'hot_take': 3, 'reaction': 0, 'question': 0}",https://www.reddit.com/r/nba/comments/1kq2c4v/bill_simmons_and_ryen_russilo_discuss_a_giannis/mt2nmwn/
Gobert is the most underrated overrated player.,hot_take,"source=r/nba PullPush archive; query=overrated; created_utc=1747627252; score=7; label_scores={'analysis': 0, 'hot_take': 3, 'reaction': 0, 'question': 0}",https://www.reddit.com/r/nba/comments/1kq0cjy/jokic_is_the_inverse_of_rudy_gobert/mt2gy3n/
"They are, but I feel they haven’t been tested this playoffs either—although not their fault. Lakers were overrated. Golden State was good but when Steph/Butler were injured, it made the series a formality.",hot_take,"source=r/nba PullPush archive; query=overrated; created_utc=1747626303; score=10; label_scores={'analysis': 0, 'hot_take': 3, 'reaction': 0, 'question': 0}",https://www.reddit.com/r/nba/comments/1kq18pr/nba_title_favorites_according_to_espn_bpi_1/mt2exa7/
Murray is overrated as hell,hot_take,"source=r/nba PullPush archive; query=overrated; created_utc=1747625023; score=0; label_scores={'analysis': 0, 'hot_take': 3, 'reaction': 0, 'question': 0}",https://www.reddit.com/r/nba/comments/1kpvq2g/the_denver_nuggets_have_been_eliminated_from/mt2c35j/
just say MPJ is overrated bro its ok,hot_take,"source=r/nba PullPush archive; query=overrated; created_utc=1747620886; score=2; label_scores={'analysis': 0, 'hot_take': 3, 'reaction': 0, 'question': 0}",https://www.reddit.com/r/nba/comments/1kpxij8/nikola_jokic_on_whether_the_nuggets_can_win/mt21ydt/
Cancun is overrated. They're relaxing on the Fiji Islands.,hot_take,"source=r/nba PullPush archive; query=overrated; created_utc=1747618196; score=1; label_scores={'analysis': 0, 'hot_take': 3, 'reaction': 0, 'question': 0}",https://www.reddit.com/r/nba/comments/1kpvq2g/the_denver_nuggets_have_been_eliminated_from/mt1urcw/
"I keep banging this drum, but people in this sub (notably Lakers fans) keep telling me I’m insane for thinking Murray is crazy overrated.",hot_take,"source=r/nba PullPush archive; query=overrated; created_utc=1747615645; score=1; label_scores={'analysis': 0, 'hot_take': 3, 'reaction': 2, 'question': 0}",https://www.reddit.com/r/nba/comments/1kpvq2g/the_denver_nuggets_have_been_eliminated_from/mt1nxuj/
"Low IQ hater, and I’m a thunder fan. 3 Time MVP and Finals MVP, and you have the nerve to call him overrated. Maybe if you had anything going on in your life you wouldn’t have to cry about him on Reddit 😆",hot_take,"source=r/nba PullPush archive; query=overrated; created_utc=1747615253; score=1; label_scores={'analysis': 0, 'hot_take': 3, 'reaction': 0, 'question': 0}",https://www.reddit.com/r/nba/comments/1kpyl5s/jokic_career_playoff_series_record_vs_over50win/mt1mwf5/
don't feel sorry for Jokic. He's the most overrated player in the nba,hot_take,"source=r/nba PullPush archive; query=overrated; created_utc=1747615094; score=-6; label_scores={'analysis': 0, 'hot_take': 3, 'reaction': 0, 'question': 0}",https://www.reddit.com/r/nba/comments/1kpvq2g/the_denver_nuggets_have_been_eliminated_from/mt1mh1z/
Overrated. 👏🏽 👏🏽 👏🏽 👏🏽 👏🏽 Overrated 👏🏽 👏🏽 👏🏽 👏🏽 👏🏽,hot_take,"source=r/nba PullPush archive; query=overrated; created_utc=1747614665; score=-7; label_scores={'analysis': 0, 'hot_take': 3, 'reaction': 0, 'question': 0}",https://www.reddit.com/r/nba/comments/1kpwxw7/with_todays_loss_to_the_thunder_nikola_jokic_is/mt1lc5j/
OKC vs Nuggets was the real WCF. Minny is overrated beating up an injured Golden State and LA Lakers with traffic cones as defence.,hot_take,"source=r/nba PullPush archive; query=overrated; created_utc=1747612557; score=6; label_scores={'analysis': 0, 'hot_take': 3, 'reaction': 0, 'question': 0}",https://www.reddit.com/r/nba/comments/1kpvq2g/the_denver_nuggets_have_been_eliminated_from/mt1fp2z/
"And here comes the excuses lmaoooo Jokic, outside of a few games, was poor this entire playoff season. His teammates literally bailed him out and won games multiple times despite the whole “Jokic carries these bums” narratives his stans push. He’s a great player but his all time status is GREATLY overrated by this sub.",hot_take,"source=r/nba PullPush archive; query=overrated; created_utc=1747612313; score=49; label_scores={'analysis': 0, 'hot_take': 3, 'reaction': 0, 'question': 0}",https://www.reddit.com/r/nba/comments/1kpw43q/nikola_jokic_in_the_game_7_loss_to_the_thunder_20/mt1f1i4/
Overrated is a wild take. The PG they traded for was a MVP candidate 😂,hot_take,"source=r/nba PullPush archive; query=overrated; created_utc=1747611398; score=2; label_scores={'analysis': 0, 'hot_take': 3, 'reaction': 3, 'question': 0}",https://www.reddit.com/r/nba/comments/1kpvq2g/the_denver_nuggets_have_been_eliminated_from/mt1cj9n/
"Jokic overrated, he excels against bad defenses. Against a good defense like OKC he falls apart. Same with in the Olympics against the US",hot_take,"source=r/nba PullPush archive; query=overrated; created_utc=1747610688; score=0; label_scores={'analysis': 2, 'hot_take': 3, 'reaction': 0, 'question': 0}",https://www.reddit.com/r/nba/comments/1kpwdcl/nikola_jokic_has_gone_past_2nd_round_exactly/mt1akia/
"Jokic is overrated; when he faces a solid defense, he falls apart. SGA can pick apart any defense",hot_take,"source=r/nba PullPush archive; query=overrated; created_utc=1747610247; score=2; label_scores={'analysis': 2, 'hot_take': 3, 'reaction': 0, 'question': 0}",https://www.reddit.com/r/nba/comments/1kpx3pw/sga_was_better_than_jokic_this_series/mt19cmo/
Sengun is the most overrated player in the nba,hot_take,"source=r/nba PullPush archive; query=overrated; created_utc=1747609887; score=1; label_scores={'analysis': 0, 'hot_take': 3, 'reaction': 0, 'question': 0}",https://www.reddit.com/r/nba/comments/1knr99d/the_houston_rockets_would_be_open_to_moving/mt18d7u/
You really don't want him.... Overrated bum according to many here,hot_take,"source=r/nba PullPush archive; query=overrated; created_utc=1747609498; score=1; label_scores={'analysis': 0, 'hot_take': 3, 'reaction': 0, 'question': 0}",https://www.reddit.com/r/nba/comments/1kpvq2g/the_denver_nuggets_have_been_eliminated_from/mt17awq/
joker is the most overrated player,hot_take,"source=r/nba PullPush archive; query=overrated; created_utc=1747609372; score=-7; label_scores={'analysis': 0, 'hot_take': 3, 'reaction': 0, 'question': 0}",https://www.reddit.com/r/nba/comments/1kpvq2g/the_denver_nuggets_have_been_eliminated_from/mt16yki/
"They out fleeced themselves SGA was just blossoming, improving every game with the clippers. And they got rid of him for an overrated Paul George. I've always thought pg was overrated going back to his indy days. And I knew it wasn't going to work out for the clippers with pg on he team. I didn't know sga would become top 5 in the league I thought top 25",hot_take,"source=r/nba PullPush archive; query=overrated; created_utc=1747608578.0; score=3; label_scores={'analysis': 0, 'hot_take': 3, 'reaction': 0, 'question': 0}",https://www.reddit.com/r/nba/comments/1kpvq2g/the_denver_nuggets_have_been_eliminated_from/mt14s6w/
Agreed is an overrated stat padder who is a cone on defense.,hot_take,"source=r/nba PullPush archive; query=overrated; created_utc=1747608564; score=1; label_scores={'analysis': 2, 'hot_take': 3, 'reaction': 0, 'question': 0}",https://www.reddit.com/r/nba/comments/1kpwmb1/jokic_isnt_a_top_5_center_all_time_and_should_not/mt14qy5/
"Most overrated, overpaid role player in the NBA",hot_take,"source=r/nba PullPush archive; query=overrated; created_utc=1747608556; score=-4; label_scores={'analysis': 0, 'hot_take': 3, 'reaction': 0, 'question': 0}",https://www.reddit.com/r/nba/comments/1kpwpbr/russell_westbrook_finished_with_a_92_plusminus_in/mt14q5w/
"this sub is in meltdown mode since this overrated bum lost, u right",hot_take,"source=r/nba PullPush archive; query=overrated; created_utc=1747608438.0; score=1; label_scores={'analysis': 0, 'hot_take': 3, 'reaction': 0, 'question': 0}",https://www.reddit.com/r/nba/comments/1kpwmb1/jokic_isnt_a_top_5_center_all_time_and_should_not/mt14ecv/
"Solid player, but very overrated in the playoffs. Bubble merchant",hot_take,"source=r/nba PullPush archive; query=overrated; created_utc=1747608167; score=2; label_scores={'analysis': 0, 'hot_take': 3, 'reaction': 0, 'question': 0}",https://www.reddit.com/r/nba/comments/1kpw4o5/jamal_murray_finishes_game_7_with_13_pts_1_reb_2/mt13njr/
Haliburton winning a Championship would shut down the whole overrated memes.,hot_take,"source=r/nba PullPush archive; query=overrated; created_utc=1747608108; score=17; label_scores={'analysis': 0, 'hot_take': 3, 'reaction': 0, 'question': 0}",https://www.reddit.com/r/nba/comments/1kpwjix/we_will_officially_have_a_new_champion/mt13hq2/
Murray is so overrated. If he was on any non jokic team he would be like a fringe top 20 guard,hot_take,"source=r/nba PullPush archive; query=overrated; created_utc=1747607699; score=1; label_scores={'analysis': 0, 'hot_take': 3, 'reaction': 0, 'question': 0}",https://www.reddit.com/r/nba/comments/1kpvq2g/the_denver_nuggets_have_been_eliminated_from/mt12d62/
"Presti blew up the team, traded Russ+PG+Grant for picks, and a washed up Chris Paul still took that team to a better record than Russ ever did. And further in the Playoffs. I think it's a pretty overrated carry job by Russ.",hot_take,"source=r/nba PullPush archive; query=overrated; created_utc=1747607286; score=0; label_scores={'analysis': 0, 'hot_take': 3, 'reaction': 0, 'question': 0}",https://www.reddit.com/r/nba/comments/1kpw71e/is_sga_already_the_2nd_greatest_player_ever_for/mt117jm/
Indiana. From Mr. overrated to Mr. finals mvp,hot_take,"source=r/nba PullPush archive; query=overrated; created_utc=1747607003; score=66; label_scores={'analysis': 0, 'hot_take': 3, 'reaction': 0, 'question': 0}",https://www.reddit.com/r/nba/comments/1kpw215/people_with_no_ties_with_pacersknicksokcwolves/mt10eg1/
"Lebron clears stay mad, jokic overrated as fuck",hot_take,"source=r/nba PullPush archive; query=overrated; created_utc=1747606882; score=13; label_scores={'analysis': 0, 'hot_take': 3, 'reaction': 0, 'question': 0}",https://www.reddit.com/r/nba/comments/1kpvq2g/the_denver_nuggets_have_been_eliminated_from/mt1021g/
"Denver under the Jokic-era is the most overrated great team I have ever seen. And so many game-7's that they have played under the Jokic, with losing many of them. And the title they won, it was all thanks to facing 4 teams who only had 42-to-45 wins in each round.",hot_take,"source=r/nba PullPush archive; query=overrated; created_utc=1747606846; score=-5; label_scores={'analysis': 0, 'hot_take': 3, 'reaction': 0, 'question': 0}",https://www.reddit.com/r/nba/comments/1kpw01h/3time_mvp_nikola_jokic_in_a_game_7_elimination/mt0zybc/
That tells me all I need to know. Wilt is easily the most overrated offensive player in NBA history. I’m taking a plethora of NBA players over his offensive peak.,hot_take,"source=r/nba PullPush archive; query=overrated; created_utc=1747606090; score=-1; label_scores={'analysis': 0, 'hot_take': 3, 'reaction': 0, 'question': 0}",https://www.reddit.com/r/nba/comments/1kpvpwk/post_game_thread_the_oklahoma_city_thunder_roll/mt0xrt6/
"According to this subreddit we went from the heroic underdogs taking the best team in the league to 7 to a bunch of overrated, flopping bums in less than a day",hot_take,"source=r/nba PullPush archive; query=overrated; created_utc=1747605186; score=11; label_scores={'analysis': 0, 'hot_take': 3, 'reaction': 0, 'question': 0}",https://www.reddit.com/r/nba/comments/1kpquc5/game_thread_denver_nuggets_33_oklahoma_city/mt0v44y/
Not sure I would call him overrated but not sure he’s quite at their level. He’s got to be absolutely gassed right now too. He’s been playing 40+ for fourteen games straight.,hot_take,"source=r/nba PullPush archive; query=overrated; created_utc=1747604678; score=1; label_scores={'analysis': 0, 'hot_take': 3, 'reaction': 0, 'question': 0}",https://www.reddit.com/r/nba/comments/1kpquc5/game_thread_denver_nuggets_33_oklahoma_city/mt0tlfj/
I called it btw in case anybody out there cares. Yall really yourselves into think Jokic had proper talent around him and that OKC was too young and overrated and not as good as people thought lmao,hot_take,"source=r/nba PullPush archive; query=overrated; created_utc=1747604652; score=-1; label_scores={'analysis': 0, 'hot_take': 3, 'reaction': 2, 'question': 0}",https://www.reddit.com/r/nba/comments/1kpquc5/game_thread_denver_nuggets_33_oklahoma_city/mt0tip1/
Difference between Shaq Duncan Hakeem Kareem and Jokic is the others never got locked up by point guards. Jokic has shown himself to be massively overrated,hot_take,"source=r/nba PullPush archive; query=overrated; created_utc=1747604357; score=-5; label_scores={'analysis': 0, 'hot_take': 3, 'reaction': 0, 'question': 0}",https://www.reddit.com/r/nba/comments/1kpquc5/game_thread_denver_nuggets_33_oklahoma_city/mt0smq2/
Jokic got outplayed by Caruso in a game 7. That’s crazy. Jokic might be the most overrated star in history,hot_take,"source=r/nba PullPush archive; query=overrated; created_utc=1747604110; score=-10; label_scores={'analysis': 0, 'hot_take': 3, 'reaction': 2, 'question': 0}",https://www.reddit.com/r/nba/comments/1kpquc5/game_thread_denver_nuggets_33_oklahoma_city/mt0rvu7/
jokic is easily the most overrated guy of all time can't believe that mfers in here were putting him over hakeem or even kd all time,hot_take,"source=r/nba PullPush archive; query=overrated; created_utc=1747603863.0; score=-8; label_scores={'analysis': 0, 'hot_take': 3, 'reaction': 0, 'question': 0}",https://www.reddit.com/r/nba/comments/1kpquc5/game_thread_denver_nuggets_33_oklahoma_city/mt0r4o5/
SGA is so overrated. Only presence is on the line. Part of why the NBA will never touch football. Truly horrible marketing.,hot_take,"source=r/nba PullPush archive; query=overrated; created_utc=1747603782; score=-1; label_scores={'analysis': 0, 'hot_take': 3, 'reaction': 0, 'question': 0}",https://www.reddit.com/r/nba/comments/1kpquc5/game_thread_denver_nuggets_33_oklahoma_city/mt0qvuy/
"exactly, lol, overrated fat cunt",hot_take,"source=r/nba PullPush archive; query=overrated; created_utc=1747603323.0; score=0; label_scores={'analysis': 0, 'hot_take': 3, 'reaction': 3, 'question': 0}",https://www.reddit.com/r/nba/comments/1kpquc5/game_thread_denver_nuggets_33_oklahoma_city/mt0pi97/
I’m gonna die on the hill that Jamal Murray is overrated,hot_take,"source=r/nba PullPush archive; query=overrated; created_utc=1747602595; score=3; label_scores={'analysis': 0, 'hot_take': 3, 'reaction': 0, 'question': 0}",https://www.reddit.com/r/nba/comments/1kpquc5/game_thread_denver_nuggets_33_oklahoma_city/mt0na5u/
Thunder's dominance was somewhat overrated but they still are visibly the best team in the NBA. Valiant effort by the Nuggets all series but it looks like its over.,hot_take,"source=r/nba PullPush archive; query=overrated; created_utc=1747602421; score=5; label_scores={'analysis': 0, 'hot_take': 3, 'reaction': 0, 'question': 0}",https://www.reddit.com/r/nba/comments/1kpquc5/game_thread_denver_nuggets_33_oklahoma_city/mt0mq9a/
Jokic so overrated. The “SGA MVP” tweet from Shams is gonna hit like crack.,hot_take,"source=r/nba PullPush archive; query=overrated; created_utc=1747601518.0; score=-11; label_scores={'analysis': 0, 'hot_take': 3, 'reaction': 0, 'question': 0}",https://www.reddit.com/r/nba/comments/1kpu0q8/highlights_nikola_jokic_scores_shai/mt0jw2d/
No way he's getting paid more than brunson. Bobby lacking something up there and it's not his hair.,reaction,"source=r/nba PullPush archive; query=no way; created_utc=1747644452; score=1; label_scores={'analysis': 0, 'hot_take': 0, 'reaction': 4, 'question': 0}",https://www.reddit.com/r/nba/comments/1kq4uyp/bobby_marks_christian_braun_extension_number_will/mt3atur/
"Denver’s not trading for that, no way",reaction,"source=r/nba PullPush archive; query=no way; created_utc=1747643676; score=1; label_scores={'analysis': 0, 'hot_take': 0, 'reaction': 4, 'question': 0}",https://www.reddit.com/r/nba/comments/1kpy9xv/nikola_jokic_on_the_nuggets_needs_the_ones_who/mt39m9h/
"I was looking at the NBA calendar, so I checked Wednesday first, then Thursday. I assumed there was no way we only got 2 days rest.",reaction,"source=r/nba PullPush archive; query=no way; created_utc=1747630673.0; score=1; label_scores={'analysis': 0, 'hot_take': 0, 'reaction': 3, 'question': 0}",https://www.reddit.com/r/nba/comments/1kq18pr/nba_title_favorites_according_to_espn_bpi_1/mt2nsfm/
"He's 30, not 40. No way he spends the next five to ten years rotting in Milwaukee with Doc Rivers.",reaction,"source=r/nba PullPush archive; query=no way; created_utc=1747623512; score=2; label_scores={'analysis': 0, 'hot_take': 0, 'reaction': 3, 'question': 0}",https://www.reddit.com/r/nba/comments/1kq13gw/steinthe_bucks_league_sources_say_remain_hopeful/mt28kuc/
Ain't no way you commented this 😭,reaction,"source=r/nba PullPush archive; query=no way; created_utc=1747623458; score=-2; label_scores={'analysis': 0, 'hot_take': 0, 'reaction': 4, 'question': 0}",https://www.reddit.com/r/nba/comments/1kq10yo/nikola_jokic_2025_nba_playoffs_stats_14_games_262/mt28g8a/
There's no way y'all watched this entire series and came out of it thinking the thunder are going through it foul baiting 😂,reaction,"source=r/nba PullPush archive; query=no way; created_utc=1747619796; score=3; label_scores={'analysis': 0, 'hot_take': 0, 'reaction': 3, 'question': 0}",https://www.reddit.com/r/nba/comments/1kpuh8a/highlight_aaron_gordon_with_an_elbow_to_shai/mt1yzde/
"I hope this is sarcasm or a copy pasta, bc otherwise theres no way you actualy believe any of this",reaction,"source=r/nba PullPush archive; query=no way; created_utc=1747618386; score=12; label_scores={'analysis': 0, 'hot_take': 0, 'reaction': 3, 'question': 0}",https://www.reddit.com/r/nba/comments/1kpzmro/jokic_attempted_more_ft_this_series_than_sga/mt1v9ee/
No way jose. And I've been saying trade MPJ + Murray to get Jokic help for years lmao.,reaction,"source=r/nba PullPush archive; query=no way; created_utc=1747618253; score=5; label_scores={'analysis': 0, 'hot_take': 0, 'reaction': 4, 'question': 0}",https://www.reddit.com/r/nba/comments/1kpvq2g/the_denver_nuggets_have_been_eliminated_from/mt1uwmz/
"There is literally no way for you to have missed the avalanche of trash directed specifically at OKC during this season and particularly this series across all NBA subreddits, especially Denver/Jokic fans. Come on man.",reaction,"source=r/nba PullPush archive; query=no way; created_utc=1747617706; score=16; label_scores={'analysis': 0, 'hot_take': 2, 'reaction': 3, 'question': 0}",https://www.reddit.com/r/nba/comments/1kpwpv2/coach_mark_daigneault_gives_respect_to_the_entire/mt1th2m/
We can agree to disagree. There is no way someone who is overall unpopular has any aura.,reaction,"source=r/nba PullPush archive; query=no way; created_utc=1747616497; score=-6; label_scores={'analysis': 0, 'hot_take': 0, 'reaction': 4, 'question': 0}",https://www.reddit.com/r/nba/comments/1kpxcmm/benedetto_tried_to_get_russell_westbrook_in_the/mt1q8lw/
This is incidental after he had a hand on the ball. No way this is a foul.,reaction,"source=r/nba PullPush archive; query=no way; created_utc=1747615752.0; score=-3; label_scores={'analysis': 0, 'hot_take': 0, 'reaction': 4, 'question': 0}",https://www.reddit.com/r/nba/comments/1kpuh8a/highlight_aaron_gordon_with_an_elbow_to_shai/mt1o7zd/
"There’s no way Jaylen Brunson has “aura”. Most basketball fans hated him until this Celtics series and even now, I wouldn’t say he has farmed enough aura to be considered that.",reaction,"source=r/nba PullPush archive; query=no way; created_utc=1747614863; score=-7; label_scores={'analysis': 0, 'hot_take': 0, 'reaction': 3, 'question': 0}",https://www.reddit.com/r/nba/comments/1kpxcmm/benedetto_tried_to_get_russell_westbrook_in_the/mt1lv5n/
There’s no way Joker fell with that light push.,reaction,"source=r/nba PullPush archive; query=no way; created_utc=1747614255; score=7; label_scores={'analysis': 0, 'hot_take': 0, 'reaction': 4, 'question': 0}",https://www.reddit.com/r/nba/comments/1kptnt1/highlight_alex_caruso_fouls_nikola_jokic_and/mt1k8yt/
"Nah, SGA had great season, me as a Denver fan - I think Jokic had better, but no way I will call pity MVP for what SGA did this year, no way",reaction,"source=r/nba PullPush archive; query=no way; created_utc=1747610631.0; score=-6; label_scores={'analysis': 0, 'hot_take': 0, 'reaction': 3, 'question': 0}",https://www.reddit.com/r/nba/comments/1kpw43q/nikola_jokic_in_the_game_7_loss_to_the_thunder_20/mt1aeqb/
"No way is he passing one of these players: Kareem, Wilt, Russell, Shaq or Hakeem",reaction,"source=r/nba PullPush archive; query=no way; created_utc=1747609407; score=4; label_scores={'analysis': 0, 'hot_take': 0, 'reaction': 4, 'question': 0}",https://www.reddit.com/r/nba/comments/1kpwmb1/jokic_isnt_a_top_5_center_all_time_and_should_not/mt171zx/
"Bet the house on the Knicks, no way the NBA let's an IND-OKC/MIN Finals happen.",reaction,"source=r/nba PullPush archive; query=no way; created_utc=1747608419; score=1; label_scores={'analysis': 0, 'hot_take': 0, 'reaction': 4, 'question': 0}",https://www.reddit.com/r/nba/comments/1kpvpwk/post_game_thread_the_oklahoma_city_thunder_roll/mt14cfc/
No way you put Tyler hero and a couple picks in the same sentence as Jokic lol,reaction,"source=r/nba PullPush archive; query=no way; created_utc=1747608173; score=1; label_scores={'analysis': 0, 'hot_take': 0, 'reaction': 4, 'question': 0}",https://www.reddit.com/r/nba/comments/1kpwk1b/will_joker_be_asking_out/mt13o6z/
They actually making excuses for him saying he needs to flop. I cannot take how insane the narrative on jokic is it’s like the hypocrisy of a certain president fanbase,reaction,"source=r/nba PullPush archive; query=insane; created_utc=1747659782; score=9; label_scores={'analysis': 0, 'hot_take': 0, 'reaction': 3, 'question': 0}",https://www.reddit.com/r/nba/comments/1kptnt1/highlight_alex_caruso_fouls_nikola_jokic_and/mt45rti/
that's insane. gordon this year has been not even CLOSE to mcdaniels and og defensively.,reaction,"source=r/nba PullPush archive; query=insane; created_utc=1747659570.0; score=1; label_scores={'analysis': 0, 'hot_take': 0, 'reaction': 4, 'question': 0}",https://www.reddit.com/r/nba/comments/1kpz9eu/of_the_5000_players_who_have_had_700_career_games/mt4574v/
"and if they'd won they'd have to turn around and play tomorrow night. he's correct, its insane",reaction,"source=r/nba PullPush archive; query=insane; created_utc=1747659246; score=1; label_scores={'analysis': 0, 'hot_take': 0, 'reaction': 4, 'question': 0}",https://www.reddit.com/r/nba/comments/1kpxgmb/aaron_gordon_on_the_playoff_scheduling_i_would/mt44bpl/
Thunder really said anyone but Jokic for all 7 Games. The dude was still throwing up insane numbers too that's the scary part.,reaction,"source=r/nba PullPush archive; query=insane; created_utc=1747655580.0; score=1; label_scores={'analysis': 0, 'hot_take': 0, 'reaction': 3, 'question': 0}",https://www.reddit.com/r/nba/comments/1kpw43q/nikola_jokic_in_the_game_7_loss_to_the_thunder_20/mt3v897/
Boston runs the slowest offense in the NBA & Mitch was a fucking cheat code against that shit. Insane.,reaction,"source=r/nba PullPush archive; query=insane; created_utc=1747653845.0; score=1; label_scores={'analysis': 2, 'hot_take': 0, 'reaction': 3, 'question': 0}",https://www.reddit.com/r/nba/comments/1kq96da/conference_finals_teams_starting_lineups_ranked/mt3rdca/
The funny thing is whoever wins the ring will become the goat of their franchise. Insane how all these YN’s will be goats already,reaction,"source=r/nba PullPush archive; query=insane; created_utc=1747647669; score=1; label_scores={'analysis': 0, 'hot_take': 0, 'reaction': 3, 'question': 0}",https://www.reddit.com/r/nba/comments/1kpvq2g/the_denver_nuggets_have_been_eliminated_from/mt3fwa1/
That Lakers fumble was insane. They were set up for a chance at B2B and they’ve been a shell of a team since.,reaction,"source=r/nba PullPush archive; query=insane; created_utc=1747642444; score=5; label_scores={'analysis': 0, 'hot_take': 0, 'reaction': 3, 'question': 0}",https://www.reddit.com/r/nba/comments/1kpvpwk/post_game_thread_the_oklahoma_city_thunder_roll/mt37qpj/
that’s insane to say considering what Gordon was doing these playoffs,reaction,"source=r/nba PullPush archive; query=insane; created_utc=1747640114; score=1; label_scores={'analysis': 0, 'hot_take': 0, 'reaction': 4, 'question': 0}",https://www.reddit.com/r/nba/comments/1kpwqlx/what_are_your_predictions_for_the_wolves_thunder/mt342f9/
Yeah because of insane performances by teammates that caused them to get overpaid. It's not like Murray's albatross contract popped out of thin air.,reaction,"source=r/nba PullPush archive; query=insane; created_utc=1747639214.0; score=1; label_scores={'analysis': 2, 'hot_take': 0, 'reaction': 3, 'question': 0}",https://www.reddit.com/r/nba/comments/1kpvc0c/highlight_caruso_picks_jokics_pocket_and_bounces/mt32n5t/
"I adore Pascal, hes genuinely so much better than he gets credit for. But it is insane that hes the best remaining player with a Ring.",reaction,"source=r/nba PullPush archive; query=insane; created_utc=1747639196; score=8; label_scores={'analysis': 0, 'hot_take': 0, 'reaction': 3, 'question': 0}",https://www.reddit.com/r/nba/comments/1kpxf7u/who_already_has_a_ring_from_remaining_teams/mt32m59/
30 million is insane for a wing who can’t shoot threes.,reaction,"source=r/nba PullPush archive; query=insane; created_utc=1747637819; score=18; label_scores={'analysis': 0, 'hot_take': 0, 'reaction': 4, 'question': 0}",https://www.reddit.com/r/nba/comments/1kq4uyp/bobby_marks_christian_braun_extension_number_will/mt30dfr/
Yea he’s a solid player but 30 million a year is fucking insane for him.,reaction,"source=r/nba PullPush archive; query=insane; created_utc=1747637245; score=439; label_scores={'analysis': 0, 'hot_take': 0, 'reaction': 4, 'question': 0}",https://www.reddit.com/r/nba/comments/1kq4uyp/bobby_marks_christian_braun_extension_number_will/mt2zeo0/
INSANE that LeBron took that Warriors team to 6 games without Kyrie & Love...,reaction,"source=r/nba PullPush archive; query=insane; created_utc=1747637027; score=-1; label_scores={'analysis': 0, 'hot_take': 0, 'reaction': 4, 'question': 0}",https://www.reddit.com/r/nba/comments/1kq2vtd/2015_warriors_vs_2025_thunder/mt2z1eu/
That would be insane. This is what restricted free agency was made for. Tell him to go into the market in 2026 and find $30M/year.,reaction,"source=r/nba PullPush archive; query=insane; created_utc=1747636288; score=324; label_scores={'analysis': 0, 'hot_take': 0, 'reaction': 3, 'question': 0}",https://www.reddit.com/r/nba/comments/1kq4uyp/bobby_marks_christian_braun_extension_number_will/mt2xsxb/
Better than peak KD is insane..,reaction,"source=r/nba PullPush archive; query=insane; created_utc=1747633034; score=1; label_scores={'analysis': 0, 'hot_take': 0, 'reaction': 4, 'question': 0}",https://www.reddit.com/r/nba/comments/1kq2vk8/if_either_sga_tyrese_haliburton_or_ant_wins_a/mt2s5k0/
"I mean, wow 74-75 days for a postseason seems INSANE, but actually its just about a week more than worst case for current scheduling.",reaction,"source=r/nba PullPush archive; query=insane; created_utc=1747630490; score=51; label_scores={'analysis': 0, 'hot_take': 2, 'reaction': 3, 'question': 0}",https://www.reddit.com/r/nba/comments/1kpxgmb/aaron_gordon_on_the_playoff_scheduling_i_would/mt2nfsb/
"Klay and Curry helped to elevate that offense a lot. Curry was insane in 15. But yeah, defensively, he would probably be targeted.",reaction,"source=r/nba PullPush archive; query=insane; created_utc=1747630487; score=2; label_scores={'analysis': 2, 'hot_take': 0, 'reaction': 3, 'question': 0}",https://www.reddit.com/r/nba/comments/1kq2vtd/2015_warriors_vs_2025_thunder/mt2nfkp/
"Seriously the way people overrate Melo is insane. Your assessment in general is spot on, agreed with everything.",reaction,"source=r/nba PullPush archive; query=insane; created_utc=1747629995; score=1; label_scores={'analysis': 0, 'hot_take': 0, 'reaction': 4, 'question': 0}",https://www.reddit.com/r/nba/comments/1kq2vk8/if_either_sga_tyrese_haliburton_or_ant_wins_a/mt2mhfq/
Insane what okc gets away with on defense. No wonder it’s so good…they can do whatever they want.,reaction,"source=r/nba PullPush archive; query=insane; created_utc=1747629980; score=-9; label_scores={'analysis': 2, 'hot_take': 0, 'reaction': 4, 'question': 0}",https://www.reddit.com/r/nba/comments/1kq0c8z/nikola_jokic_in_the_second_half_of_game_7_3/mt2mgdk/
i guess so yea but it’s just that KG had such an insane peak but a championship would far exceed anything kg brought,reaction,"source=r/nba PullPush archive; query=insane; created_utc=1747629429; score=1; label_scores={'analysis': 0, 'hot_take': 0, 'reaction': 3, 'question': 0}",https://www.reddit.com/r/nba/comments/1kq2vk8/if_either_sga_tyrese_haliburton_or_ant_wins_a/mt2ld3l/
I'm not even a Buck fan I feel offended. Anyone who thinks Mobely would fetch them Giannis one for one is insane.,reaction,"source=r/nba PullPush archive; query=insane; created_utc=1747627773; score=28; label_scores={'analysis': 0, 'hot_take': 0, 'reaction': 3, 'question': 0}",https://www.reddit.com/r/nba/comments/1kq2c4v/bill_simmons_and_ryen_russilo_discuss_a_giannis/mt2i1ep/
1 FG attempt all half is insane man,reaction,"source=r/nba PullPush archive; query=insane; created_utc=1747627204.0; score=1; label_scores={'analysis': 0, 'hot_take': 0, 'reaction': 4, 'question': 0}",https://www.reddit.com/r/nba/comments/1kq272r/highlight_nikola_jokic_splashes_the_3pointer_near/mt2gucg/
1 FG attempt all half is insane man. I know the Thunder were throwing a lot of bodies at him but still,reaction,"source=r/nba PullPush archive; query=insane; created_utc=1747627204; score=80; label_scores={'analysis': 0, 'hot_take': 0, 'reaction': 3, 'question': 0}",https://www.reddit.com/r/nba/comments/1kq272r/highlight_nikola_jokic_splashes_the_3pointer_near/mt2gucg/
Don’t be stupid. You’d have to throw something fucking insane like a #1 draft pick to make that happen.,reaction,"source=r/nba PullPush archive; query=insane; created_utc=1747626714.0; score=1; label_scores={'analysis': 0, 'hot_take': 0, 'reaction': 3, 'question': 0}",https://www.reddit.com/r/nba/comments/1kq2c4v/bill_simmons_and_ryen_russilo_discuss_a_giannis/mt2ft5q/
everyone on that team has insane lateral quickness. picking up hartenstein was real clutch too.,reaction,"source=r/nba PullPush archive; query=insane; created_utc=1747625680; score=102; label_scores={'analysis': 0, 'hot_take': 0, 'reaction': 4, 'question': 0}",https://www.reddit.com/r/nba/comments/1kpzx59/murray_thunder_had_74_steals_in_this_series_thats/mt2dk5n/
"Tbf, Lebron/Curry/KD are anomalies even by modern medical standards. Even an Al Horford-level player is insane for older NBa players.",reaction,"source=r/nba PullPush archive; query=insane; created_utc=1747624571; score=6; label_scores={'analysis': 0, 'hot_take': 0, 'reaction': 3, 'question': 0}",https://www.reddit.com/r/nba/comments/1kpwei9/jamal_murray_on_aaron_gordon_he_gave_us_more_than/mt2b286/
Being able to play Caruso to stop Jokic and then be able to still play offensive 5 out small ball is just an absolutely insane cheat code,reaction,"source=r/nba PullPush archive; query=insane; created_utc=1747623683; score=2; label_scores={'analysis': 0, 'hot_take': 0, 'reaction': 3, 'question': 0}",https://www.reddit.com/r/nba/comments/1kq10yo/nikola_jokic_2025_nba_playoffs_stats_14_games_262/mt28zfj/
That's impossible. People here have repeatedly told me that Jokic has insane endurance and stamina.,reaction,"source=r/nba PullPush archive; query=insane; created_utc=1747623516; score=-7; label_scores={'analysis': 0, 'hot_take': 0, 'reaction': 4, 'question': 0}",https://www.reddit.com/r/nba/comments/1kpy9xv/nikola_jokic_on_the_nuggets_needs_the_ones_who/mt28l81/
He was genuinely their third best player at points these playoffs and he’s great in the locker room. Destructive is insane,reaction,"source=r/nba PullPush archive; query=insane; created_utc=1747622752; score=21; label_scores={'analysis': 0, 'hot_take': 0, 'reaction': 3, 'question': 0}",https://www.reddit.com/r/nba/comments/1kpxcmm/benedetto_tried_to_get_russell_westbrook_in_the/mt26qse/
Big time aura gamble. If Shai had a dud and Denver won the hate on shai would’ve been insane .,reaction,"source=r/nba PullPush archive; query=insane; created_utc=1747622181; score=10; label_scores={'analysis': 0, 'hot_take': 0, 'reaction': 3, 'question': 0}",https://www.reddit.com/r/nba/comments/1kpvpwk/post_game_thread_the_oklahoma_city_thunder_roll/mt25bzw/
"The advanced stats on Caruso with lebron were just insane, so shortsighted to let someone go that was playing so well with LeBron and AD",reaction,"source=r/nba PullPush archive; query=insane; created_utc=1747620555; score=103; label_scores={'analysis': 0, 'hot_take': 0, 'reaction': 3, 'question': 0}",https://www.reddit.com/r/nba/comments/1kpvpwk/post_game_thread_the_oklahoma_city_thunder_roll/mt2123m/
We literally just shit on an out of prime harden for the exact same shot Jokic did today. The double standards are insane 😭😭,reaction,"source=r/nba PullPush archive; query=insane; created_utc=1747620311; score=8; label_scores={'analysis': 0, 'hot_take': 0, 'reaction': 3, 'question': 0}",https://www.reddit.com/r/nba/comments/1kpvq2g/the_denver_nuggets_have_been_eliminated_from/mt20edy/
wait that’s kind of insane,reaction,"source=r/nba PullPush archive; query=insane; created_utc=1747619611; score=1; label_scores={'analysis': 0, 'hot_take': 0, 'reaction': 4, 'question': 0}",https://www.reddit.com/r/nba/comments/1kq04yc/2025_west_finals_is_the_first_west_finals_since/mt1yhq8/
"sure, but why engage with this at all? downvote & move on.",question,"source=r/nba PullPush archive; query=why; created_utc=1747659856.0; score=1; label_scores={'analysis': 0, 'hot_take': 0, 'reaction': 0, 'question': 4}",https://www.reddit.com/r/nba/comments/1kq96da/conference_finals_teams_starting_lineups_ranked/mt45yxs/
I 100% agree that fewer games would mean more total revenue long-term but the problem is most players won‘t be in the league by that time so why should they sacrifice themselves for the future?,question,"source=r/nba PullPush archive; query=why; created_utc=1747659434.0; score=1; label_scores={'analysis': 0, 'hot_take': 0, 'reaction': 0, 'question': 4}",https://www.reddit.com/r/nba/comments/1kpxgmb/aaron_gordon_on_the_playoff_scheduling_i_would/mt44tqq/
Connelly signed the MPJ contract that paralyzed the team ever since. Why does he keep getting a pass? That’s like the original sin that locked up the roster.,question,"source=r/nba PullPush archive; query=why; created_utc=1747659267.0; score=1; label_scores={'analysis': 0, 'hot_take': 0, 'reaction': 0, 'question': 4}",https://www.reddit.com/r/nba/comments/1kpxij8/nikola_jokic_on_whether_the_nuggets_can_win/mt44dqi/
"What I don't understand is why is game 1 of the WCF Tuesday but Game 1 of the ECF is Wednesday. I mean, I get it, TV scheduling at all, but build some contingencies in case one conference has an extended break while the other barely gets any rest.",question,"source=r/nba PullPush archive; query=why; created_utc=1747659095; score=1; label_scores={'analysis': 0, 'hot_take': 0, 'reaction': 0, 'question': 4}",https://www.reddit.com/r/nba/comments/1kpxgmb/aaron_gordon_on_the_playoff_scheduling_i_would/mt43x41/
Is this a real take? Jokic uses his forearm as a battering ram to post guys up . It goes both ways physicality on the post is part of ball So why does jokic need to use his forearm club in the post ?,question,"source=r/nba PullPush archive; query=why; created_utc=1747659093; score=3; label_scores={'analysis': 0, 'hot_take': 0, 'reaction': 0, 'question': 4}",https://www.reddit.com/r/nba/comments/1kptnt1/highlight_alex_caruso_fouls_nikola_jokic_and/mt43wwx/
Why doesn't every team win in five? Are they stupid?,question,"source=r/nba PullPush archive; query=why; created_utc=1747658504; score=1; label_scores={'analysis': 0, 'hot_take': 0, 'reaction': 0, 'question': 4}",https://www.reddit.com/r/nba/comments/1kpxgmb/aaron_gordon_on_the_playoff_scheduling_i_would/mt42cqt/
Why would I go on their sub,question,"source=r/nba PullPush archive; query=why; created_utc=1747657496; score=-4; label_scores={'analysis': 0, 'hot_take': 0, 'reaction': 0, 'question': 4}",https://www.reddit.com/r/nba/comments/1kpzx59/murray_thunder_had_74_steals_in_this_series_thats/mt3zshl/
Hey chief let's talk why not?,question,"source=r/nba PullPush archive; query=why; created_utc=1747657269; score=7; label_scores={'analysis': 0, 'hot_take': 0, 'reaction': 0, 'question': 4}",https://www.reddit.com/r/nba/comments/1kqa94r/drift_bottle_from_chinese_internet/mt3z89s/
"Why are you attaching a single player name to each of these teams? Key word, TEAMS.",question,"source=r/nba PullPush archive; query=why; created_utc=1747657128; score=1; label_scores={'analysis': 0, 'hot_take': 0, 'reaction': 0, 'question': 4}",https://www.reddit.com/r/nba/comments/1kpw215/people_with_no_ties_with_pacersknicksokcwolves/mt3yvoa/
Sound like Adam silver. Why no small markets?,question,"source=r/nba PullPush archive; query=why; created_utc=1747656757.0; score=1; label_scores={'analysis': 0, 'hot_take': 0, 'reaction': 0, 'question': 4}",https://www.reddit.com/r/nba/comments/1kpw215/people_with_no_ties_with_pacersknicksokcwolves/mt3xzcz/
Why does Aaron Gordon look like he spent five years as a grief counselor in a rough neighborhood?,question,"source=r/nba PullPush archive; query=why; created_utc=1747656741; score=1; label_scores={'analysis': 0, 'hot_take': 0, 'reaction': 0, 'question': 4}",https://www.reddit.com/r/nba/comments/1kpxgmb/aaron_gordon_on_the_playoff_scheduling_i_would/mt3xy01/
"Why do you think that? They're nothing like Philly, Detroit, or Cowboy fans",question,"source=r/nba PullPush archive; query=why; created_utc=1747656337; score=1; label_scores={'analysis': 0, 'hot_take': 0, 'reaction': 0, 'question': 4}",https://www.reddit.com/r/nba/comments/1kpvjo8/stein_essentially_official_now_the_nba_will_have/mt3wzgr/
What the court of public opinion has hurt your feelings? It's been going the entire year. Not sure why now it would change.,question,"source=r/nba PullPush archive; query=why; created_utc=1747656089; score=-2; label_scores={'analysis': 0, 'hot_take': 0, 'reaction': 0, 'question': 4}",https://www.reddit.com/r/nba/comments/1kpvhom/highlight_shai_gilgeousalexander_gets_the/mt3wes1/
Why is this a topic every single day on here lmao. Has no one watched the playoffs before this year?,question,"source=r/nba PullPush archive; query=why; created_utc=1747655717; score=5; label_scores={'analysis': 0, 'hot_take': 0, 'reaction': 2, 'question': 4}",https://www.reddit.com/r/nba/comments/1kptnt1/highlight_alex_caruso_fouls_nikola_jokic_and/mt3vjqq/
Why is it the nba’s fault the coach doesn’t use all of the players he’s allowed to? Would Aaron Gordon need as much rest if the nuggets were a better construct team by the gm?,question,"source=r/nba PullPush archive; query=why; created_utc=1747655551; score=9; label_scores={'analysis': 0, 'hot_take': 0, 'reaction': 0, 'question': 4}",https://www.reddit.com/r/nba/comments/1kq6x0m/is_aaron_gordon_right_should_there_be_more_rest/mt3v5wp/
Why is this post 97% upvoted? How stupid are sports people,question,"source=r/nba PullPush archive; query=why; created_utc=1747655243; score=-1; label_scores={'analysis': 0, 'hot_take': 0, 'reaction': 0, 'question': 4}",https://www.reddit.com/r/nba/comments/1kpxcmm/benedetto_tried_to_get_russell_westbrook_in_the/mt3ugdo/
Wow so you just have to put a guard on Jokic and he'll forget how to play basketball? Why haven't more teams tried this?,question,"source=r/nba PullPush archive; query=why; created_utc=1747655055; score=1; label_scores={'analysis': 0, 'hot_take': 0, 'reaction': 2, 'question': 4}",https://www.reddit.com/r/nba/comments/1kq65lt/is_it_generally_agreed_that_jokic_passes_too_much/mt3u0t7/
No. Deep teams SHOULD BE rewarded. Why should we not commend front offices who constructed their team well?,question,"source=r/nba PullPush archive; query=why; created_utc=1747654480.0; score=1; label_scores={'analysis': 0, 'hot_take': 0, 'reaction': 0, 'question': 4}",https://www.reddit.com/r/nba/comments/1kq6x0m/is_aaron_gordon_right_should_there_be_more_rest/mt3sqyi/
Why not? As a fan I want to enjoy the playoffs for as long as possible before the offseason,question,"source=r/nba PullPush archive; query=why; created_utc=1747653636; score=-5; label_scores={'analysis': 0, 'hot_take': 0, 'reaction': 0, 'question': 4}",https://www.reddit.com/r/nba/comments/1kpxgmb/aaron_gordon_on_the_playoff_scheduling_i_would/mt3qxde/
Why is NHL N/A for Minnesota? The North Stars didn’t win one the 35 years they were here and the Wild haven’t won one in their 20+ years of existence.,question,"source=r/nba PullPush archive; query=why; created_utc=1747652110; score=26; label_scores={'analysis': 0, 'hot_take': 0, 'reaction': 2, 'question': 4}",https://www.reddit.com/r/nba/comments/1kq80bg/championship_droughts_across_the_nba_nhl_nfl_and/mt3nsni/
"He didn’t bitch about it when they won the championship so why he bitching now? This has been the way of the NBA playoffs for decades, so why he bitching?",question,"source=r/nba PullPush archive; query=why; created_utc=1747652022; score=1; label_scores={'analysis': 0, 'hot_take': 0, 'reaction': 0, 'question': 4}",https://www.reddit.com/r/nba/comments/1kpxgmb/aaron_gordon_on_the_playoff_scheduling_i_would/mt3nlyc/
There is a lot wrong with the NBA playoffs. Not having the highest seed play the lowest seed left is absurd. The first round being best of seven after a play in tournament is overkill. You've played 82 games why do you need up to 28 more to decide a champion? I understand it's about making money but fans get bored of a 9 month season.,question,"source=r/nba PullPush archive; query=why; created_utc=1747650080; score=1; label_scores={'analysis': 0, 'hot_take': 0, 'reaction': 0, 'question': 4}",https://www.reddit.com/r/nba/comments/1kpxgmb/aaron_gordon_on_the_playoff_scheduling_i_would/mt3jzio/
Why don't you guys have a ring if it's so easy? Durant knew something you still don't...,question,"source=r/nba PullPush archive; query=why; created_utc=1747648763; score=-1; label_scores={'analysis': 0, 'hot_take': 0, 'reaction': 0, 'question': 4}",https://www.reddit.com/r/nba/comments/1kpwqqi/battle_of_the_mvps_ends_sga_3066_63_ts_jokic/mt3hpsw/
Why is this posted here,question,"source=r/nba PullPush archive; query=why; created_utc=1747647530; score=1; label_scores={'analysis': 0, 'hot_take': 0, 'reaction': 0, 'question': 4}",https://www.reddit.com/r/nba/comments/1kmh9no/the_lakers_posted_a_job_listing_for_a_head/mt3fo9m/
">Playoffs are meant to be a marathon of luck and endurance Why can’t the playoff be about determining who the best teams are? I’m more interested in skill, coaching tactics, and mental toughness in the clutch than I am in luck and injury resistance.",question,"source=r/nba PullPush archive; query=why; created_utc=1747647511.0; score=1; label_scores={'analysis': 0, 'hot_take': 0, 'reaction': 2, 'question': 4}",https://www.reddit.com/r/nba/comments/1kq6x0m/is_aaron_gordon_right_should_there_be_more_rest/mt3fn48/
Why? He's not that good.,question,"source=r/nba PullPush archive; query=why; created_utc=1747644453.0; score=1; label_scores={'analysis': 0, 'hot_take': 0, 'reaction': 0, 'question': 4}",https://www.reddit.com/r/nba/comments/1kq4uyp/bobby_marks_christian_braun_extension_number_will/mt3aty7/
"Why weren’t these injuries to big stars an issue in the 90s or early 2000s? Players are getting more rest on back to backs, travel has lessened and load management is generally accepted. The issue isn’t how many games they are playing in the NBA, the issue is how much wear and tear are these players putting on their bodies before they go to college. Travel teams and AAU are putting unnecessary mileage on players and no one is speaking up about it.",question,"source=r/nba PullPush archive; query=why; created_utc=1747643374; score=3; label_scores={'analysis': 0, 'hot_take': 0, 'reaction': 0, 'question': 4}",https://www.reddit.com/r/nba/comments/1kq4nhu/why_the_nba_will_never_reduce_the_season_from_82/mt395ye/
Jokić averaged 2.4 less free throw attempts per game than Shai. Why are team's free throws relevant?,question,"source=r/nba PullPush archive; query=why; created_utc=1747642585; score=-7; label_scores={'analysis': 0, 'hot_take': 0, 'reaction': 0, 'question': 4}",https://www.reddit.com/r/nba/comments/1kpw0a9/shai_fraud_mvp_gilgeousalexander_exits_a_game_7/mt37ygi/
True but couldn't they just categorize past records as like a different thing. I know it'll make it hard to compare players from a past era if the new era doesn't play 82 games but like we already do that with pre block recording and before the implementation of the 3pt line. So why wouldn't we be able to do that for the players that play less games a season compared to the past?,question,"source=r/nba PullPush archive; query=why; created_utc=1747640978; score=1; label_scores={'analysis': 0, 'hot_take': 0, 'reaction': 0, 'question': 4}",https://www.reddit.com/r/nba/comments/1kq4nhu/why_the_nba_will_never_reduce_the_season_from_82/mt35flg/
Why are we acting like Caruso didn’t foul Jokic every time he touched the ball? What game were yall watching?,question,"source=r/nba PullPush archive; query=why; created_utc=1747640667.0; score=1; label_scores={'analysis': 0, 'hot_take': 0, 'reaction': 0, 'question': 4}",https://www.reddit.com/r/nba/comments/1kq10yo/nikola_jokic_2025_nba_playoffs_stats_14_games_262/mt34xur/
Why are okc fans lacking the ability to think critically or use logic? What do they teach in schools?,question,"source=r/nba PullPush archive; query=why; created_utc=1747640412; score=-3; label_scores={'analysis': 0, 'hot_take': 0, 'reaction': 0, 'question': 4}",https://www.reddit.com/r/nba/comments/1kpw1kw/sga_averaged_3067_on_63_ts_and_2_turnovers_this/mt34jct/
"You're a Wizards fan, why are you pretending as if you have any stake in this playoff series? Lmao.",question,"source=r/nba PullPush archive; query=why; created_utc=1747638934; score=10; label_scores={'analysis': 0, 'hot_take': 0, 'reaction': 2, 'question': 4}",https://www.reddit.com/r/nba/comments/1kpzx59/murray_thunder_had_74_steals_in_this_series_thats/mt326wf/
Okay so ELI5: Why didn't Jokic simply push around Caruso around all game like it's the early 2000's? Is Caruso the uncontested defensive GOAT who makes Rodman on Shaq look like Yao Ming on Earl Boykins?,question,"source=r/nba PullPush archive; query=why; created_utc=1747638572; score=4; label_scores={'analysis': 0, 'hot_take': 0, 'reaction': 0, 'question': 4}",https://www.reddit.com/r/nba/comments/1kq272r/highlight_nikola_jokic_splashes_the_3pointer_near/mt31lpb/
Jfc 🤦‍♂️.... Fuck it? Why dont they just play all 17 months of the year??,question,"source=r/nba PullPush archive; query=why; created_utc=1747637674.0; score=1; label_scores={'analysis': 0, 'hot_take': 0, 'reaction': 0, 'question': 4}",https://www.reddit.com/r/nba/comments/1kpxgmb/aaron_gordon_on_the_playoff_scheduling_i_would/mt304pu/
"Seriously, this sub was quick to call him borderline t10 and offensive goat, why is anyone surprised by this? Like this is extremely tame compared to shit guys like LeBron and harden have gotten lmao",question,"source=r/nba PullPush archive; query=why; created_utc=1747637618; score=27; label_scores={'analysis': 0, 'hot_take': 0, 'reaction': 2, 'question': 4}",https://www.reddit.com/r/nba/comments/1kpwxw7/with_todays_loss_to_the_thunder_nikola_jokic_is/mt3018f/
"I mean logically, why? One game, best team on the day. 7 games, best team over the 7 games. If you don't believe the best team is the one that wins, then what's the point?",question,"source=r/nba PullPush archive; query=why; created_utc=1747636697; score=2; label_scores={'analysis': 0, 'hot_take': 0, 'reaction': 0, 'question': 4}",https://www.reddit.com/r/nba/comments/1kpxij8/nikola_jokic_on_whether_the_nuggets_can_win/mt2yhgx/
"Literally Paul Pierce argued that he was the best player since MJ. We all know PP is a clown. We also know why he said that, but that’s still a what? 8x all star and media persona saying that shit.",question,"source=r/nba PullPush archive; query=why; created_utc=1747636617.0; score=1; label_scores={'analysis': 0, 'hot_take': 0, 'reaction': 0, 'question': 4}",https://www.reddit.com/r/nba/comments/1kpw43q/nikola_jokic_in_the_game_7_loss_to_the_thunder_20/mt2ycmu/
You really don’t understand why?,question,"source=r/nba PullPush archive; query=why; created_utc=1747636370.0; score=1; label_scores={'analysis': 0, 'hot_take': 0, 'reaction': 0, 'question': 4}",https://www.reddit.com/r/nba/comments/1kpw43q/nikola_jokic_in_the_game_7_loss_to_the_thunder_20/mt2xxuc/
"Do they want to make the playoffs last 3 months? I think it’s fine, an extra day is not going to change an injury. Why not just bring back a 2-3-2 format to reduce travel?",question,"source=r/nba PullPush archive; query=why; created_utc=1747636173; score=0; label_scores={'analysis': 0, 'hot_take': 0, 'reaction': 0, 'question': 4}",https://www.reddit.com/r/nba/comments/1kpxgmb/aaron_gordon_on_the_playoff_scheduling_i_would/mt2xlvn/
"Why do people keep yapping about 82 games? Honestly, the 82 game thing isn’t a problem. A lot these injuries that happened like Tatum or Dame’s are simply freak injuries. Plus, players are seemingly getting injured more because of the pace of play, not the number of games.",question,"source=r/nba PullPush archive; query=why; created_utc=1747635875.0; score=1; label_scores={'analysis': 3, 'hot_take': 0, 'reaction': 0, 'question': 4}",https://www.reddit.com/r/nba/comments/1kq4nhu/why_the_nba_will_never_reduce_the_season_from_82/mt2x3uy/
"Part of the reason why people hated the AD trade is because he's much older than Luka, yet nobody cares that Mobley is 7 years younger than Giannis? Giannis is much better, but the cliff is coming much sooner for him. With Mobley you have basically a decade to build a team. That's an argument for the Mobley side, though I think Milwaukee should be looking to stack up picks and assets rather than doing a 1-for-1 type of trade.",question,"source=r/nba PullPush archive; query=why; created_utc=1747635481; score=-4; label_scores={'analysis': 3, 'hot_take': 0, 'reaction': 0, 'question': 4}",https://www.reddit.com/r/nba/comments/1kq2c4v/bill_simmons_and_ryen_russilo_discuss_a_giannis/mt2wftg/
"Why compare them at all if you're just going to decide they're incomparable after being presented with the facts of the argument. If you asked all 30 GMs anonymously who they'd rather have btwn Fox & Hali, it would result in either 30-0 in Hali's favor or 29-1, depending on what Vivek says when Scott Perry asks him what their answer should be.",question,"source=r/nba PullPush archive; query=who would you rather; created_utc=1747506533; score=5; label_scores={'analysis': 0, 'hot_take': 0, 'reaction': 0, 'question': 4}",https://www.reddit.com/r/nba/comments/1koyu3c/jj_redick_in_2022_the_kings_just_traded_their/mstz5iy/
"Legit question, who is the best white American player rn not named Flagg. would yall rather have Braun, Herro or reaves? Braun has proven that he can produce on defense and offense in the playoffs. He’s not the offensive player Herro and Austin are (obviously) but is there a chance he’s more impactful? And I think Austin was great a few years ago in the 23 playoffs Would love yall to chime in and let me know if im living in recently bias",question,"source=r/nba PullPush archive; query=who would you rather; created_utc=1747368024; score=23; label_scores={'analysis': 3, 'hot_take': 0, 'reaction': 0, 'question': 4}",https://www.reddit.com/r/nba/comments/1knrdis/christian_braun_staves_off_elimination_with_23115/mskja7w/
"Wait, is this the comparison about who would you rather fight or fuck? It doesn't change the calculus much but its good to know what im going into",question,"source=r/nba PullPush archive; query=who would you rather; created_utc=1747360752; score=2; label_scores={'analysis': 0, 'hot_take': 0, 'reaction': 0, 'question': 4}",https://www.reddit.com/r/nba/comments/1knmlvm/game_thread_oklahoma_city_thunder_32_denver/msk12tw/
"Who would you rather have on your team, Derek White or Ja Morant?",question,"source=r/nba PullPush archive; query=who would you rather; created_utc=1747270977; score=1; label_scores={'analysis': 0, 'hot_take': 0, 'reaction': 0, 'question': 4}",https://www.reddit.com/r/nba/comments/1kmru2i/game_thread_new_york_knicks_31_boston_celtics_13/msdeabl/
"The NFL has no issues with the draft. The worst team gets the best player, and that's how it should be. Who cares if teams are tanking? Would you rather be a fan of a bad team, knowing you're getting a top 5 pick, or a fan of a pretty bad team that has no guarantee to get any better?",question,"source=r/nba PullPush archive; query=who would you rather; created_utc=1747245397.0; score=1; label_scores={'analysis': 0, 'hot_take': 2, 'reaction': 0, 'question': 4}",https://www.reddit.com/r/nba/comments/1klednn/the_nba_needs_to_go_back_to_the_old_system/msb58sh/
Who would you rather play,question,"source=r/nba PullPush archive; query=who would you rather; created_utc=1747189967.0; score=1; label_scores={'analysis': 0, 'hot_take': 0, 'reaction': 0, 'question': 4}",https://www.reddit.com/r/nba/comments/1km208f/game_thread_denver_nuggets_22_oklahoma_city/ms7dfky/
How is it working lol? The wizards have been garbage for 50 years and have never won first pick. What does working look like to you? A reigning wc champion winning the first pick by pure luck?? The lottery is for Morons who’d rather Watch a team be slightly below average for 30 years instead of bad for 3 and then good for 6.,question,"source=r/nba PullPush archive; query=who would you rather; created_utc=1747157440.0; score=1; label_scores={'analysis': 0, 'hot_take': 2, 'reaction': 2, 'question': 4}",https://www.reddit.com/r/nba/comments/1klrdwe/a_possible_lottery_solution/ms4jajk/
Yes but he’s not the best at it. Let me give you a different scenario. You’ve got the ball. Steph Curry is open at the 3 point line. Jimmy Butler is also open at the 3 point line. Who are you passing the ball to? The same applies here. You’d rather have Ant with the ball driving.,question,"source=r/nba PullPush archive; query=who would you rather; created_utc=1747155330; score=1; label_scores={'analysis': 0, 'hot_take': 0, 'reaction': 0, 'question': 4}",https://www.reddit.com/r/nba/comments/1kldry9/post_game_thread_the_minnesota_timberwolves/ms4bz30/
Who would you rather have? Westbrook or SGA?,question,"source=r/nba PullPush archive; query=who would you rather; created_utc=1746998940; score=4; label_scores={'analysis': 0, 'hot_take': 0, 'reaction': 0, 'question': 4}",https://www.reddit.com/r/nba/comments/1kk7s2v/game_thread_oklahoma_city_thunder_12_denver/mrtb12b/
